multianno,cancervar,vcf_wo_art,vcf_without_art_ref,reindex_wo_art,Reference
Chr,#Chr,0,CHROM,0,CHROM
Start,Start,1,POS,1,POS
End,End,2,ID,3,REF_x
Ref,Ref,3,REF,4,ALT_x
Alt,Alt,4,ALT,18,End
Func.ensGene,Ref.Gene,6,FILTER,79,Ref.Gene
Gene.ensGene,clinvar: Clinvar ,10,INFO:MQ,21,Func.ensGene
ExonicFunc.ensGene, CancerVar: CancerVar and Evidence ,15,IN_423_TEVA_F:AD,23,ExonicFunc.ensGene
AAChange.ensGene,OMIM,16,IN_423_TEVA_F:AF,24,AAChange.ensGene
avsnp150,Phenotype_MIM,17,IN_423_TEVA_F:DP,5,FILTER
CLNALLELEID,OrphaNumber,18,IN_423_TEVA_F:F1R2,7,Mutant_allelic_burden_%
CLNDN,Orpha,19,IN_423_TEVA_F:F2R1,6,INFO:MQ
CLNDISDB,Pathway,20,IN_423_TEVA_F:GT,8,IN-423-TIOC-F-TRIMMED:AD
CLNREVSTAT,Therap_list,21,IN_423_TEVA_F:MB,9,IN-423-TIOC-F-TRIMMED:AF
CLNSIG,Diag_list,22,IN_423_TEVA_F:PS,10,IN-423-TIOC-F-TRIMMED:DP
PVS1,Prog_list,23,IN_423_TEVA_F:SB,11,IN-423-TIOC-F-TRIMMED:F1R2
PS1,icgc28,24,IN_423_TEVA_F:SQ,12,IN-423-TIOC-F-TRIMMED:F2R1
PS2,,25,Overlaps_from_BAM,13,IN-423-TIOC-F-TRIMMED:GT
PS3,,,,14,IN-423-TIOC-F-TRIMMED:MB
PS4,,,,15,IN-423-TIOC-F-TRIMMED:PS
PM1,,,,16,IN-423-TIOC-F-TRIMMED:SB
PM2,,,,17,IN-423-TIOC-F-TRIMMED:SQ
PM3,,,,90,icgc28
PM4,,,,60,esp6500siv2_all
PM5,,,,61,ExAC_ALL
PM6,,,,62,ExAC_SAS
PP1,,,,63,AF
PP2,,,,64,AF_sas
PP3,,,,65,1000g2015aug_all
PP4,,,,66,1000g2015aug_SAS
PP5,,,,76,gnomAD_genome_ALL
BA1,,,,77,gnomAD_genome_EAS
BS1,,,,78,gnomAD_genome_OTH
BS2,,,,27,CLNDN
BS3,,,,25,avsnp150
BS4,,,,30,CLNSIG
BP1,,,,80,clinvar: Clinvar
BP2,,,,81,CancerVar: CancerVar and Evidence
BP3,,,,59,InterVar_automated
BP4,,,,68,CADD13_PHRED
BP5,,,,69,SIFT_pred
BP6,,,,70,Polyphen2_HVAR_pred
BP7,,,,71,MutationTaster_pred
InterVar_automated,,,,72,FATHMM_pred
esp6500siv2_all,,,,75,Interpro_domain
ExAC_ALL,,,,73,MetaSVM_pred
ExAC_SAS,,,,74,MetaLR_pred
AF,,,,82,OMIM
AF_sas,,,,98,Cannonical
1000g2015aug_all,,,,99,cano_protein
1000g2015aug_SAS,,,,91,intervar_inhouse
CADD13_RawScore,,,,102,ensemble_value
CADD13_PHRED,,,,103,Ref_Depth
SIFT_pred,,,,104,Mutant_Depth
Polyphen2_HVAR_pred,,,,6,IGV_link
MutationTaster_pred,,,,,
FATHMM_pred,,,,,
MetaSVM_pred,,,,,
MetaLR_pred,,,,,
Interpro_domain,,,,,
